-- *********** Event Facilitator ********** --
CREATE COLUMN TABLE "MKTG_PLANNING_TOOL"."EVENT_FACILITATOR"(
	"EVENT_FACILITATOR_ID" bigint not null primary key generated by default as IDENTITY,
	"NAME" NVARCHAR(255) NOT NULL,

	"CREATED_DATE_TZ" timestamp default CURRENT_TIMESTAMP,
    "MODIFIED_DATE_TZ" timestamp,
    "CREATED_USER_ID" bigint not null,
    "MODIFIED_USER_ID" bigint,
    "ENABLED" tinyint default 1,
    "DELETED" tinyint default 0,

	FOREIGN KEY ("CREATED_USER_ID") REFERENCES "MKTG_PLANNING_TOOL"."USER"("USER_ID")
);

INSERT INTO "MKTG_PLANNING_TOOL"."EVENT_FACILITATOR"(EVENT_FACILITATOR_ID, NAME, CREATED_USER_ID)
VALUES (1, 'SAP Hosted', 85);
INSERT INTO "MKTG_PLANNING_TOOL"."EVENT_FACILITATOR"(EVENT_FACILITATOR_ID, NAME, CREATED_USER_ID)
VALUES (2, '3rd Party', 85);
INSERT INTO "MKTG_PLANNING_TOOL"."EVENT_FACILITATOR"(EVENT_FACILITATOR_ID, NAME, CREATED_USER_ID)
VALUES (3, 'Internal', 85);

-- *********** Event Type ********** --
CREATE COLUMN TABLE "MKTG_PLANNING_TOOL"."EVENT_TYPE"(
	"EVENT_TYPE_ID" bigint not null primary key generated by default as IDENTITY,
	"NAME" NVARCHAR(255) NOT NULL,

	"CREATED_DATE_TZ" timestamp default CURRENT_TIMESTAMP,
    "MODIFIED_DATE_TZ" timestamp,
    "CREATED_USER_ID" bigint not null,
    "MODIFIED_USER_ID" bigint,
    "ENABLED" tinyint default 1,
    "DELETED" tinyint default 0,

	FOREIGN KEY ("CREATED_USER_ID") REFERENCES "MKTG_PLANNING_TOOL"."USER"("USER_ID")
);

INSERT INTO "MKTG_PLANNING_TOOL"."EVENT_TYPE"(EVENT_TYPE_ID, NAME, CREATED_USER_ID)
VALUES (1, 'Sponsorship', 85);
INSERT INTO "MKTG_PLANNING_TOOL"."EVENT_TYPE"(EVENT_TYPE_ID, NAME, CREATED_USER_ID)
VALUES (2, 'Signature', 85);
INSERT INTO "MKTG_PLANNING_TOOL"."EVENT_TYPE"(EVENT_TYPE_ID, NAME, CREATED_USER_ID)
VALUES (3, 'Webinar (on-demand)', 85);
INSERT INTO "MKTG_PLANNING_TOOL"."EVENT_TYPE"(EVENT_TYPE_ID, NAME, CREATED_USER_ID)
VALUES (4, 'Virtual event (live)', 85);
INSERT INTO "MKTG_PLANNING_TOOL"."EVENT_TYPE"(EVENT_TYPE_ID, NAME, CREATED_USER_ID)
VALUES (5, 'Sales and Partner Enablement', 85);
INSERT INTO "MKTG_PLANNING_TOOL"."EVENT_TYPE"(EVENT_TYPE_ID, NAME, CREATED_USER_ID)
VALUES (6, 'Workshop/Council/ABM', 85);
INSERT INTO "MKTG_PLANNING_TOOL"."EVENT_TYPE"(EVENT_TYPE_ID, NAME, CREATED_USER_ID)
VALUES (7, 'Conference', 85);
INSERT INTO "MKTG_PLANNING_TOOL"."EVENT_TYPE"(EVENT_TYPE_ID, NAME, CREATED_USER_ID)
VALUES (8, 'Internal', 85);
INSERT INTO "MKTG_PLANNING_TOOL"."EVENT_TYPE"(EVENT_TYPE_ID, NAME, CREATED_USER_ID)
VALUES (9, 'Flagship', 85);
INSERT INTO "MKTG_PLANNING_TOOL"."EVENT_TYPE"(EVENT_TYPE_ID, NAME, CREATED_USER_ID)
VALUES (10, 'Tradeshow', 85);
INSERT INTO "MKTG_PLANNING_TOOL"."EVENT_TYPE"(EVENT_TYPE_ID, NAME, CREATED_USER_ID)
VALUES (11, 'Partner event', 85);
INSERT INTO "MKTG_PLANNING_TOOL"."EVENT_TYPE"(EVENT_TYPE_ID, NAME, CREATED_USER_ID)
VALUES (12, 'Other', 85);

CREATE COLUMN TABLE "MKTG_PLANNING_TOOL"."DES_TYPE_EVENT_MAPPING"(
	"DES_TYPE_EVENT_MAPPING_ID" bigint not null primary key generated by default as IDENTITY,
	"DES_TYPE_ID" BIGINT NOT NULL,
	"EVENT_FACILITATOR_ID" BIGINT NOT NULL,
	"EVENT_TYPE_ID" BIGINT NOT NULL,

	"CREATED_DATE_TZ" timestamp default CURRENT_TIMESTAMP,
    "MODIFIED_DATE_TZ" timestamp,
    "CREATED_USER_ID" bigint not null,
    "MODIFIED_USER_ID" bigint,
    "ENABLED" tinyint default 1,
    "DELETED" tinyint default 0,

	FOREIGN KEY ("CREATED_USER_ID") REFERENCES "MKTG_PLANNING_TOOL"."USER"("USER_ID"),
	FOREIGN KEY ("DES_TYPE_ID") REFERENCES "MKTG_PLANNING_TOOL"."DES_TYPE"("DES_TYPE_ID"),
	FOREIGN KEY ("EVENT_FACILITATOR_ID") REFERENCES "MKTG_PLANNING_TOOL"."EVENT_FACILITATOR"("EVENT_FACILITATOR_ID"),
	FOREIGN KEY ("EVENT_TYPE_ID") REFERENCES "MKTG_PLANNING_TOOL"."EVENT_TYPE"("EVENT_TYPE_ID")
);

INSERT INTO "MKTG_PLANNING_TOOL"."DES_TYPE_EVENT_MAPPING" ( DES_TYPE_ID, EVENT_FACILITATOR_ID, EVENT_TYPE_ID, CREATED_USER_ID) VALUES (92,1,1,85);
INSERT INTO "MKTG_PLANNING_TOOL"."DES_TYPE_EVENT_MAPPING" ( DES_TYPE_ID, EVENT_FACILITATOR_ID, EVENT_TYPE_ID, CREATED_USER_ID) VALUES (62,1,1,85);
INSERT INTO "MKTG_PLANNING_TOOL"."DES_TYPE_EVENT_MAPPING" ( DES_TYPE_ID, EVENT_FACILITATOR_ID, EVENT_TYPE_ID, CREATED_USER_ID) VALUES (61,1,1,85);
INSERT INTO "MKTG_PLANNING_TOOL"."DES_TYPE_EVENT_MAPPING" ( DES_TYPE_ID, EVENT_FACILITATOR_ID, EVENT_TYPE_ID, CREATED_USER_ID) VALUES (60,1,1,85);
INSERT INTO "MKTG_PLANNING_TOOL"."DES_TYPE_EVENT_MAPPING" ( DES_TYPE_ID, EVENT_FACILITATOR_ID, EVENT_TYPE_ID, CREATED_USER_ID) VALUES (59,1,1,85);
INSERT INTO "MKTG_PLANNING_TOOL"."DES_TYPE_EVENT_MAPPING" ( DES_TYPE_ID, EVENT_FACILITATOR_ID, EVENT_TYPE_ID, CREATED_USER_ID) VALUES (58,1,1,85);
INSERT INTO "MKTG_PLANNING_TOOL"."DES_TYPE_EVENT_MAPPING" ( DES_TYPE_ID, EVENT_FACILITATOR_ID, EVENT_TYPE_ID, CREATED_USER_ID) VALUES (88,1,1,85);
INSERT INTO "MKTG_PLANNING_TOOL"."DES_TYPE_EVENT_MAPPING" ( DES_TYPE_ID, EVENT_FACILITATOR_ID, EVENT_TYPE_ID, CREATED_USER_ID) VALUES (57,1,1,85);
INSERT INTO "MKTG_PLANNING_TOOL"."DES_TYPE_EVENT_MAPPING" ( DES_TYPE_ID, EVENT_FACILITATOR_ID, EVENT_TYPE_ID, CREATED_USER_ID) VALUES (56,1,1,85);
INSERT INTO "MKTG_PLANNING_TOOL"."DES_TYPE_EVENT_MAPPING" ( DES_TYPE_ID, EVENT_FACILITATOR_ID, EVENT_TYPE_ID, CREATED_USER_ID) VALUES (55,1,1,85);
INSERT INTO "MKTG_PLANNING_TOOL"."DES_TYPE_EVENT_MAPPING" ( DES_TYPE_ID, EVENT_FACILITATOR_ID, EVENT_TYPE_ID, CREATED_USER_ID) VALUES (54,1,1,85);
INSERT INTO "MKTG_PLANNING_TOOL"."DES_TYPE_EVENT_MAPPING" ( DES_TYPE_ID, EVENT_FACILITATOR_ID, EVENT_TYPE_ID, CREATED_USER_ID) VALUES (53,1,1,85);
INSERT INTO "MKTG_PLANNING_TOOL"."DES_TYPE_EVENT_MAPPING" ( DES_TYPE_ID, EVENT_FACILITATOR_ID, EVENT_TYPE_ID, CREATED_USER_ID) VALUES (52,1,1,85);
INSERT INTO "MKTG_PLANNING_TOOL"."DES_TYPE_EVENT_MAPPING" ( DES_TYPE_ID, EVENT_FACILITATOR_ID, EVENT_TYPE_ID, CREATED_USER_ID) VALUES (50,1,1,85);
INSERT INTO "MKTG_PLANNING_TOOL"."DES_TYPE_EVENT_MAPPING" ( DES_TYPE_ID, EVENT_FACILITATOR_ID, EVENT_TYPE_ID, CREATED_USER_ID) VALUES (49,1,1,85);
INSERT INTO "MKTG_PLANNING_TOOL"."DES_TYPE_EVENT_MAPPING" ( DES_TYPE_ID, EVENT_FACILITATOR_ID, EVENT_TYPE_ID, CREATED_USER_ID) VALUES (65,1,1,85);
INSERT INTO "MKTG_PLANNING_TOOL"."DES_TYPE_EVENT_MAPPING" ( DES_TYPE_ID, EVENT_FACILITATOR_ID, EVENT_TYPE_ID, CREATED_USER_ID) VALUES (67,1,1,85);
INSERT INTO "MKTG_PLANNING_TOOL"."DES_TYPE_EVENT_MAPPING" ( DES_TYPE_ID, EVENT_FACILITATOR_ID, EVENT_TYPE_ID, CREATED_USER_ID) VALUES (91,1,1,85);
INSERT INTO "MKTG_PLANNING_TOOL"."DES_TYPE_EVENT_MAPPING" ( DES_TYPE_ID, EVENT_FACILITATOR_ID, EVENT_TYPE_ID, CREATED_USER_ID) VALUES (64,1,1,85);
INSERT INTO "MKTG_PLANNING_TOOL"."DES_TYPE_EVENT_MAPPING" ( DES_TYPE_ID, EVENT_FACILITATOR_ID, EVENT_TYPE_ID, CREATED_USER_ID) VALUES (68,1,1,85);
INSERT INTO "MKTG_PLANNING_TOOL"."DES_TYPE_EVENT_MAPPING" ( DES_TYPE_ID, EVENT_FACILITATOR_ID, EVENT_TYPE_ID, CREATED_USER_ID) VALUES (89,1,1,85);
INSERT INTO "MKTG_PLANNING_TOOL"."DES_TYPE_EVENT_MAPPING" ( DES_TYPE_ID, EVENT_FACILITATOR_ID, EVENT_TYPE_ID, CREATED_USER_ID) VALUES (63,1,1,85);
INSERT INTO "MKTG_PLANNING_TOOL"."DES_TYPE_EVENT_MAPPING" ( DES_TYPE_ID, EVENT_FACILITATOR_ID, EVENT_TYPE_ID, CREATED_USER_ID) VALUES (90,1,1,85);
INSERT INTO "MKTG_PLANNING_TOOL"."DES_TYPE_EVENT_MAPPING" ( DES_TYPE_ID, EVENT_FACILITATOR_ID, EVENT_TYPE_ID, CREATED_USER_ID) VALUES (93,1,1,85);
INSERT INTO "MKTG_PLANNING_TOOL"."DES_TYPE_EVENT_MAPPING" ( DES_TYPE_ID, EVENT_FACILITATOR_ID, EVENT_TYPE_ID, CREATED_USER_ID) VALUES (47,1,1,85);
INSERT INTO "MKTG_PLANNING_TOOL"."DES_TYPE_EVENT_MAPPING" ( DES_TYPE_ID, EVENT_FACILITATOR_ID, EVENT_TYPE_ID, CREATED_USER_ID) VALUES (150,1,1,85);
INSERT INTO "MKTG_PLANNING_TOOL"."DES_TYPE_EVENT_MAPPING" ( DES_TYPE_ID, EVENT_FACILITATOR_ID, EVENT_TYPE_ID, CREATED_USER_ID) VALUES (28,2,2,85);
INSERT INTO "MKTG_PLANNING_TOOL"."DES_TYPE_EVENT_MAPPING" ( DES_TYPE_ID, EVENT_FACILITATOR_ID, EVENT_TYPE_ID, CREATED_USER_ID) VALUES (151,1,3,85);
INSERT INTO "MKTG_PLANNING_TOOL"."DES_TYPE_EVENT_MAPPING" ( DES_TYPE_ID, EVENT_FACILITATOR_ID, EVENT_TYPE_ID, CREATED_USER_ID) VALUES (45,1,4,85);
INSERT INTO "MKTG_PLANNING_TOOL"."DES_TYPE_EVENT_MAPPING" ( DES_TYPE_ID, EVENT_FACILITATOR_ID, EVENT_TYPE_ID, CREATED_USER_ID) VALUES (153,1,5,85);
INSERT INTO "MKTG_PLANNING_TOOL"."DES_TYPE_EVENT_MAPPING" ( DES_TYPE_ID, EVENT_FACILITATOR_ID, EVENT_TYPE_ID, CREATED_USER_ID) VALUES (39,1,12,85);
INSERT INTO "MKTG_PLANNING_TOOL"."DES_TYPE_EVENT_MAPPING" ( DES_TYPE_ID, EVENT_FACILITATOR_ID, EVENT_TYPE_ID, CREATED_USER_ID) VALUES (147,1,1,85);
INSERT INTO "MKTG_PLANNING_TOOL"."DES_TYPE_EVENT_MAPPING" ( DES_TYPE_ID, EVENT_FACILITATOR_ID, EVENT_TYPE_ID, CREATED_USER_ID) VALUES (35,1,6,85);
INSERT INTO "MKTG_PLANNING_TOOL"."DES_TYPE_EVENT_MAPPING" ( DES_TYPE_ID, EVENT_FACILITATOR_ID, EVENT_TYPE_ID, CREATED_USER_ID) VALUES (145,1,7,85);
INSERT INTO "MKTG_PLANNING_TOOL"."DES_TYPE_EVENT_MAPPING" ( DES_TYPE_ID, EVENT_FACILITATOR_ID, EVENT_TYPE_ID, CREATED_USER_ID) VALUES (137,3,8,85);
INSERT INTO "MKTG_PLANNING_TOOL"."DES_TYPE_EVENT_MAPPING" ( DES_TYPE_ID, EVENT_FACILITATOR_ID, EVENT_TYPE_ID, CREATED_USER_ID) VALUES (23,1,9,85);
INSERT INTO "MKTG_PLANNING_TOOL"."DES_TYPE_EVENT_MAPPING" ( DES_TYPE_ID, EVENT_FACILITATOR_ID, EVENT_TYPE_ID, CREATED_USER_ID) VALUES (15,1,9,85);
INSERT INTO "MKTG_PLANNING_TOOL"."DES_TYPE_EVENT_MAPPING" ( DES_TYPE_ID, EVENT_FACILITATOR_ID, EVENT_TYPE_ID, CREATED_USER_ID) VALUES (119,2,9,85);
INSERT INTO "MKTG_PLANNING_TOOL"."DES_TYPE_EVENT_MAPPING" ( DES_TYPE_ID, EVENT_FACILITATOR_ID, EVENT_TYPE_ID, CREATED_USER_ID) VALUES (8,2,9,85);
INSERT INTO "MKTG_PLANNING_TOOL"."DES_TYPE_EVENT_MAPPING" ( DES_TYPE_ID, EVENT_FACILITATOR_ID, EVENT_TYPE_ID, CREATED_USER_ID) VALUES (7,2,9,85);
INSERT INTO "MKTG_PLANNING_TOOL"."DES_TYPE_EVENT_MAPPING" ( DES_TYPE_ID, EVENT_FACILITATOR_ID, EVENT_TYPE_ID, CREATED_USER_ID) VALUES (112,2,9,85);
INSERT INTO "MKTG_PLANNING_TOOL"."DES_TYPE_EVENT_MAPPING" ( DES_TYPE_ID, EVENT_FACILITATOR_ID, EVENT_TYPE_ID, CREATED_USER_ID) VALUES (142,1,12,85);
INSERT INTO "MKTG_PLANNING_TOOL"."DES_TYPE_EVENT_MAPPING" ( DES_TYPE_ID, EVENT_FACILITATOR_ID, EVENT_TYPE_ID, CREATED_USER_ID) VALUES (152,2,3,85);
INSERT INTO "MKTG_PLANNING_TOOL"."DES_TYPE_EVENT_MAPPING" ( DES_TYPE_ID, EVENT_FACILITATOR_ID, EVENT_TYPE_ID, CREATED_USER_ID) VALUES (149,2,4,85);
INSERT INTO "MKTG_PLANNING_TOOL"."DES_TYPE_EVENT_MAPPING" ( DES_TYPE_ID, EVENT_FACILITATOR_ID, EVENT_TYPE_ID, CREATED_USER_ID) VALUES (42,2,10,85);
INSERT INTO "MKTG_PLANNING_TOOL"."DES_TYPE_EVENT_MAPPING" ( DES_TYPE_ID, EVENT_FACILITATOR_ID, EVENT_TYPE_ID, CREATED_USER_ID) VALUES (154,2,11,85);
INSERT INTO "MKTG_PLANNING_TOOL"."DES_TYPE_EVENT_MAPPING" ( DES_TYPE_ID, EVENT_FACILITATOR_ID, EVENT_TYPE_ID, CREATED_USER_ID) VALUES (148,2,12,85);
INSERT INTO "MKTG_PLANNING_TOOL"."DES_TYPE_EVENT_MAPPING" ( DES_TYPE_ID, EVENT_FACILITATOR_ID, EVENT_TYPE_ID, CREATED_USER_ID) VALUES (146,2,7,85);

-- *************************************************************************************
-- Update schema version
INSERT INTO SCHEMA_VERSION(VERSION, DESCRIPTION, SCRIPT)
VALUES('V5.0.0-193', 'Add Tables related with the mapping between Des Type and Events', 'V202004061120__Add_des_type_event_mapping_tables.sql');

COMMIT;
